{"loss": [NaN, NaN, NaN, NaN, NaN, NaN, NaN, NaN, NaN], "mae": [NaN, NaN, NaN, NaN, NaN, NaN, NaN, NaN, NaN], "mean_q": [NaN, NaN, NaN, NaN, NaN, NaN, NaN, NaN, NaN], "mean_eps": [NaN, NaN, NaN, NaN, NaN, NaN, NaN, NaN, NaN], "episode_reward": [6.0, 6.0, 6.0, 4.0, 6.0, 5.0, 6.0, 6.0, 4.0], "nb_episode_steps": [201, 200, 200, 200, 200, 200, 200, 200, 200], "nb_steps": [201, 401, 601, 801, 1001, 1201, 1401, 1601, 1801], "episode": [0, 1, 2, 3, 4, 5, 6, 7, 8], "duration": [11.20259610000005, 11.338717099999997, 10.714426800000012, 13.819082500000036, 13.078545500000018, 13.3250046, 10.76725730000004, 11.785983200000032, 17.875356099999976]}