{"loss": [NaN, NaN, NaN, NaN, NaN, NaN, NaN, NaN, NaN, NaN, NaN, NaN, NaN, NaN, NaN, NaN, NaN, NaN, NaN, NaN, NaN], "mae": [NaN, NaN, NaN, NaN, NaN, NaN, NaN, NaN, NaN, NaN, NaN, NaN, NaN, NaN, NaN, NaN, NaN, NaN, NaN, NaN, NaN], "mean_q": [NaN, NaN, NaN, NaN, NaN, NaN, NaN, NaN, NaN, NaN, NaN, NaN, NaN, NaN, NaN, NaN, NaN, NaN, NaN, NaN, NaN], "mean_eps": [NaN, NaN, NaN, NaN, NaN, NaN, NaN, NaN, NaN, NaN, NaN, NaN, NaN, NaN, NaN, NaN, NaN, NaN, NaN, NaN, NaN], "episode_reward": [10.0, 2.0, 9.0, 0.0, 10.0, 6.0, 4.0, 4.0, 6.0, 4.0, 8.0, 0.0, 4.0, 4.0, 6.0, 6.0, 6.0, 10.0, 5.0, 3.0, 5.0], "nb_episode_steps": [501, 500, 487, 13, 500, 500, 500, 500, 500, 500, 471, 29, 500, 500, 500, 500, 500, 500, 500, 500, 500], "nb_steps": [501, 1001, 1488, 1501, 2001, 2501, 3001, 3501, 4001, 4501, 4972, 5001, 5501, 6001, 6501, 7001, 7501, 8001, 8501, 9001, 9501], "episode": [0, 1, 2, 3, 4, 5, 6, 7, 8, 9, 10, 11, 12, 13, 14, 15, 16, 17, 18, 19, 20], "duration": [14.272322900000006, 14.055314199999998, 1.995332100000013, 13.320350399999995, 14.0726947, 13.415922100000017, 14.132000000000005, 14.458326999999997, 14.83608750000002, 12.092540200000002, 1.7235603999999967, 10.131044900000035, 14.745823299999984, 13.491917699999988, 10.890319300000044, 14.531572299999993, 14.946591099999978, 15.275388599999985, 18.851915099999985, 14.908798299999944, 18.839392900000007]}