{"loss": [0.005726146325302422], "mae": [0.01449325241936514], "mean_q": [0.03400612004602758], "mean_eps": [0.09999999999999995], "episode_reward": [9.0], "nb_episode_steps": [710], "nb_steps": [710], "episode": [0], "duration": [4.632701699999998]}