{"loss": [NaN, NaN, NaN, NaN, NaN, NaN, NaN, NaN, NaN, NaN, NaN, NaN, NaN, NaN, NaN, NaN, NaN, NaN, NaN, NaN], "mae": [NaN, NaN, NaN, NaN, NaN, NaN, NaN, NaN, NaN, NaN, NaN, NaN, NaN, NaN, NaN, NaN, NaN, NaN, NaN, NaN], "mean_q": [NaN, NaN, NaN, NaN, NaN, NaN, NaN, NaN, NaN, NaN, NaN, NaN, NaN, NaN, NaN, NaN, NaN, NaN, NaN, NaN], "mean_eps": [NaN, NaN, NaN, NaN, NaN, NaN, NaN, NaN, NaN, NaN, NaN, NaN, NaN, NaN, NaN, NaN, NaN, NaN, NaN, NaN], "episode_reward": [5.0, 10.0, 7.0, 9.0, 9.0, 12.0, 7.0, 9.0, 6.0, 8.0, 7.0, 9.0, 7.0, 10.0, 10.0, 11.0, 10.0, 10.0, 11.0, 5.0], "nb_episode_steps": [501, 500, 500, 500, 500, 500, 500, 500, 500, 500, 500, 500, 500, 500, 500, 500, 500, 500, 500, 471], "nb_steps": [501, 1001, 1501, 2001, 2501, 3001, 3501, 4001, 4501, 5001, 5501, 6001, 6501, 7001, 7501, 8001, 8501, 9001, 9501, 9972], "episode": [0, 1, 2, 3, 4, 5, 6, 7, 8, 9, 10, 11, 12, 13, 14, 15, 16, 17, 18, 19], "duration": [35.61559539999999, 42.59082219999999, 40.66951499999999, 38.488864999999976, 44.202412200000026, 39.81830070000001, 36.16911299999998, 44.80595619999997, 39.667945799999984, 41.392004499999985, 37.79302919999998, 43.639766099999974, 37.80593380000005, 34.84314440000003, 43.62947120000001, 41.68354729999999, 36.41930189999994, 37.24466050000001, 37.02041859999997, 4.584122799999932]}