{"loss": [0.00550586659947598], "mae": [0.10393539766154888], "mean_q": [0.15914055002106112], "mean_eps": [0.0999999999999999], "episode_reward": [12.0], "nb_episode_steps": [1211], "nb_steps": [1211], "episode": [0], "duration": [11.013877100000002]}